{
	"formatVersion": 2,
	"appVersion": "0.93.0",
	"files": [
		{
			"isClone": false,
			"noteId": "xcWtwxJTEVdB",
			"notePath": [
				"xcWtwxJTEVdB"
			],
			"title": "Custom Dark Blue",
			"notePosition": 21,
			"prefix": null,
			"isExpanded": false,
			"type": "code",
			"mime": "text/css",
			"attributes": [
				{
					"type": "label",
					"name": "appTheme",
					"value": "custom-blue-theme-darkmode",
					"isInheritable": false,
					"position": 10
				}
			],
			"dataFileName": "Custom Dark Blue.css",
			"attachments": []
		},
		{
			"noImport": true,
			"dataFileName": "navigation.html"
		},
		{
			"noImport": true,
			"dataFileName": "index.html"
		},
		{
			"noImport": true,
			"dataFileName": "style.css"
		}
	]
}