{
	"formatVersion": 2,
	"appVersion": "0.91.6",
	"files": [
		{
			"isClone": false,
			"noteId": "DMNITWYlc29k",
			"notePath": [
				"DMNITWYlc29k"
			],
			"title": "perfectra1n's Dark Theme",
			"notePosition": 61,
			"prefix": null,
			"isExpanded": false,
			"type": "code",
			"mime": "text/css",
			"attributes": [
				{
					"type": "label",
					"name": "appTheme",
					"value": "newdark",
					"isInheritable": false,
					"position": 10
				},
				{
					"type": "label",
					"name": "iconClass",
					"value": "bx bx-menu",
					"isInheritable": false,
					"position": 20
				},
				{
					"type": "label",
					"name": "disableVersioning",
					"value": "",
					"isInheritable": false,
					"position": 30
				},
				{
					"type": "label",
					"name": "autoReadOnlyDisabled",
					"value": "",
					"isInheritable": false,
					"position": 40
				},
				{
					"type": "label",
					"name": "appThemeBase",
					"value": "next",
					"isInheritable": false,
					"position": 50
				}
			],
			"dataFileName": "perfectra1n's Dark Theme.css",
			"attachments": []
		},
		{
			"noImport": true,
			"dataFileName": "navigation.html"
		},
		{
			"noImport": true,
			"dataFileName": "index.html"
		},
		{
			"noImport": true,
			"dataFileName": "style.css"
		}
	]
}